"codigo","nome","nome_res","endereco","numero","complemento","bairro","cidade","cep","fone1","fone2","fax","celular","contato","cnpj_cpf","ind_ie","ins_est","reg_trb","nro_rg","tipo_doc","nro_doc","orgao_emi","uf_orgao","renda","nome_conj","dt_nasc_conj","profis_conj","data_emi","nome_pai","nome_mae","pes_conhec","fone_pes_conh","ocupacao","atividade","tipo_pes","tipo_cli","limite","saldo","perini","przvcto","qtmaxparc","desc_ven","desc_fat","observ","email","email_fin","email_nfe","site","cond_pg","dia_fat","g_etiq","e_civil","sexo","naturalid","bloq","data_nasc","empresa","usu_inc","prazo_bl","convenio","situac_conv","c_lim_conv","cod_indica","prosp_tip_cobr","end_cobr","end_prof","ref_pes","ref_com","cargo","cobr_judic","banco","prosp_contr_lf","prosp_presc_v","prosp_ent_ven","prosp_desm_fat","prosp_end_util","prosp_desc_vp","prosp_repres","transp","prosp_exi_aut","prosp_bl_desc","prosp_desc_ven","repres","vendedor","regional","nivel","crf","alvara","meta","status","data_inc","hora_inc","usu_alt","data_alt","hora_alt","dt_ult_cp","imp_prod_adc","sen_web_conv","usa_cart","exi_senha","acessa_fat","leiaut_fat","cred_rot","revenda","listapr","emite_doc","gera_mov","adm_cred","mod_frete","cartao","cartao2","emite_cart","alt_senha","id_seqbin","libera_oc","ent_ven","fidelidade","maior_desc","senha","lgpd","dta_lgpd","usu_lgpd","aceites_lgpd","arred_vnd","tom_nfse","sld_pontos"
"192852","Isadora Bryan","Clara Bernardo","Braga Marginal","2627",,"Pereira do Norte","Helena do Norte","64063-186","(24) 58557-4215","+55 (79) 6783-9519",,,,"361.629.634-03","9","ISENTO","1","go-56.628.529","0",,"SSP","RS","0",,"0000-00-00","0","0000-00-00",,,,,"0","0","F","3","0","0","0","0","6","0","0",,"Isadora_Bryan8@hotmail.com","Isadora_Bryan8@hotmail.com","Isadora_Bryan8@hotmail.com",,"0","5","N","0","0",,"N","1959-10-26T17:53:28.441Z","1","0","30","N","A","S","0","N","N","N","N","N",,"N","0","N","N","N","N","N","N","0","0","N","N","0","0","0","0",,"1965-01-16T17:12:13.956Z","1963-02-13T11:01:37.606Z","0","A","1963-10-14T22:54:54.152Z","12:00:00","0","1958-09-05T15:44:18.976Z","12:00:00","1962-09-25T09:04:48.357Z","N",,"N","N","N","0","N","N","0","CF","N","N","9","9188215207",,"N","S","0","N","0","S","N",,"N","1951-09-16T04:18:52.754Z","0","NNNNNNNNNN","N","N","0"
"138531","Isis Maria Cecília","Emanuelly Enzo Gabriel","Alexandre Marginal","93543",,"Moraes do Descoberto","Manuela do Descoberto","28442-899","(40) 92696-0059","(35) 5519-3894",,,,"953.632.962-09","9","ISENTO","1","pi-87.836.833","0",,"SSP","RS","0",,"0000-00-00","0","0000-00-00",,,,,"0","0","F","3","0","0","0","0","6","0","0",,"Isis_MariaCecilia@yahoo.com","Isis_MariaCecilia@yahoo.com","Isis_MariaCecilia@yahoo.com",,"0","5","N","0","0",,"N","1946-08-26T20:27:45.585Z","1","0","30","N","A","S","0","N","N","N","N","N",,"N","0","N","N","N","N","N","N","0","0","N","N","0","0","0","0",,"1955-09-29T06:10:34.421Z","1956-06-28T21:24:27.669Z","0","A","1950-04-13T15:09:49.679Z","12:00:00","0","1959-05-09T01:17:04.754Z","12:00:00","1955-09-22T16:47:38.811Z","N",,"N","N","N","0","N","N","0","CF","N","N","9","1500996142",,"N","S","0","N","0","S","N",,"N","1963-01-04T12:32:40.669Z","0","NNNNNNNNNN","N","N","0"
"126691","Ana Laura Gabriel","César Mariana","Alessandro Marginal","24796",,"Fabrícia do Sul","Batista de Nossa Senhora","66581-606","+55 (68) 7708-5834","+55 (26) 4992-0445",,,,"967.002.868-08","9","ISENTO","1","ap-34.498.057","0",,"SSP","RS","0",,"0000-00-00","0","0000-00-00",,,,,"0","0","F","3","0","0","0","0","6","0","0",,"AnaLaura_Gabriel10@hotmail.com","AnaLaura_Gabriel10@hotmail.com","AnaLaura_Gabriel10@hotmail.com",,"0","5","N","0","0",,"N","1960-03-18T21:07:33.186Z","1","0","30","N","A","S","0","N","N","N","N","N",,"N","0","N","N","N","N","N","N","0","0","N","N","0","0","0","0",,"1963-07-23T09:17:15.787Z","1952-10-03T03:23:55.147Z","0","A","1961-03-14T12:53:08.489Z","12:00:00","0","1966-08-27T13:20:58.456Z","12:00:00","1953-11-24T05:56:24.727Z","N",,"N","N","N","0","N","N","0","CF","N","N","9","3050708496",,"N","S","0","N","0","S","N",,"N","1968-01-31T04:15:04.126Z","0","NNNNNNNNNN","N","N","0"
"661839","Warley Antônio","Manuela Víctor","Marcos Avenida","82479",,"Oliveira do Norte","Oliveira do Norte","74877-094","(54) 34125-4319","+55 (74) 7030-3929",,,,"776.882.892-54","9","ISENTO","1","pr-30.073.482","0",,"SSP","RS","0",,"0000-00-00","0","0000-00-00",,,,,"0","0","F","3","0","0","0","0","6","0","0",,"Warley_Antonio33@gmail.com","Warley_Antonio33@gmail.com","Warley_Antonio33@gmail.com",,"0","5","N","0","0",,"N","1966-11-20T22:08:53.265Z","1","0","30","N","A","S","0","N","N","N","N","N",,"N","0","N","N","N","N","N","N","0","0","N","N","0","0","0","0",,"1955-04-29T23:34:51.145Z","1959-02-09T01:20:56.190Z","0","A","1958-06-24T10:02:01.876Z","12:00:00","0","1963-07-31T04:19:50.389Z","12:00:00","1965-01-10T01:54:05.191Z","N",,"N","N","N","0","N","N","0","CF","N","N","9","8785745811",,"N","S","0","N","0","S","N",,"N","1955-03-24T11:31:25.923Z","0","NNNNNNNNNN","N","N","0"
"669828","Washington Théo","Manuela Yango","Sara Alameda","1523",,"Moraes do Norte","Alícia de Nossa Senhora","08501-713","+55 (69) 6922-0957","(16) 71174-6824",,,,"233.977.417-93","9","ISENTO","1","al-70.381.078","0",,"SSP","RS","0",,"0000-00-00","0","0000-00-00",,,,,"0","0","F","3","0","0","0","0","6","0","0",,"Washington.Theo65@live.com","Washington.Theo65@live.com","Washington.Theo65@live.com",,"0","5","N","0","0",,"N","1964-12-28T06:17:26.212Z","1","0","30","N","A","S","0","N","N","N","N","N",,"N","0","N","N","N","N","N","N","0","0","N","N","0","0","0","0",,"1964-11-07T21:26:44.541Z","1957-05-24T00:01:20.452Z","0","A","1960-07-22T23:30:50.216Z","12:00:00","0","1962-12-17T15:48:43.773Z","12:00:00","1966-03-11T09:01:05.209Z","N",,"N","N","N","0","N","N","0","CF","N","N","9","3588274344",,"N","S","0","N","0","S","N",,"N","1953-03-09T02:23:06.548Z","0","NNNNNNNNNN","N","N","0"
"918225","Eduardo Isabel","Tertuliano Isabelly","Carlos Travessa","17529",,"Pereira do Norte","Felipe do Descoberto","57111-346","(24) 45786-1889","(46) 99517-6099",,,,"214.726.137-83","9","ISENTO","1","ro-11.197.003","0",,"SSP","RS","0",,"0000-00-00","0","0000-00-00",,,,,"0","0","F","3","0","0","0","0","6","0","0",,"Eduardo.Isabel@gmail.com","Eduardo.Isabel@gmail.com","Eduardo.Isabel@gmail.com",,"0","5","N","0","0",,"N","1956-01-24T19:41:39.567Z","1","0","30","N","A","S","0","N","N","N","N","N",,"N","0","N","N","N","N","N","N","0","0","N","N","0","0","0","0",,"1967-02-28T14:24:37.200Z","1951-08-02T00:22:09.161Z","0","A","1966-11-14T19:04:20.888Z","12:00:00","0","1954-09-02T11:38:28.137Z","12:00:00","1967-07-13T01:12:19.711Z","N",,"N","N","N","0","N","N","0","CF","N","N","9","3478794861",,"N","S","0","N","0","S","N",,"N","1953-04-04T16:36:49.652Z","0","NNNNNNNNNN","N","N","0"
"579725","Guilherme Elisa","Elisa Isabel","Suélen Rodovia","59011",,"Pereira de Nossa Senhora","Clara do Descoberto","30727-453","(00) 60199-1984","+55 (66) 8613-5262",,,,"123.905.184-00","9","ISENTO","1","ac-58.745.115","0",,"SSP","RS","0",,"0000-00-00","0","0000-00-00",,,,,"0","0","F","3","0","0","0","0","6","0","0",,"Guilherme.Elisa@yahoo.com","Guilherme.Elisa@yahoo.com","Guilherme.Elisa@yahoo.com",,"0","5","N","0","0",,"N","1960-12-23T14:32:45.571Z","1","0","30","N","A","S","0","N","N","N","N","N",,"N","0","N","N","N","N","N","N","0","0","N","N","0","0","0","0",,"1964-03-13T14:47:25.191Z","1965-11-08T21:12:28.426Z","0","A","1957-02-22T00:25:57.238Z","12:00:00","0","1969-08-16T13:47:05.272Z","12:00:00","1962-04-17T05:10:00.554Z","N",,"N","N","N","0","N","N","0","CF","N","N","9","7398789001",,"N","S","0","N","0","S","N",,"N","1950-04-18T07:45:12.087Z","0","NNNNNNNNNN","N","N","0"
"181835","Cauã Esther","Guilherme Cauã","Elisa Marginal","52710",,"Pietro do Sul","Margarida de Nossa Senhora","20638-841","(91) 48906-9993","(34) 7918-8719",,,,"232.867.995-13","9","ISENTO","1","ce-68.175.485","0",,"SSP","RS","0",,"0000-00-00","0","0000-00-00",,,,,"0","0","F","3","0","0","0","0","6","0","0",,"Caua_Esther96@live.com","Caua_Esther96@live.com","Caua_Esther96@live.com",,"0","5","N","0","0",,"N","1969-05-23T13:53:41.313Z","1","0","30","N","A","S","0","N","N","N","N","N",,"N","0","N","N","N","N","N","N","0","0","N","N","0","0","0","0",,"1955-05-24T17:01:05.305Z","1965-03-06T00:13:11.893Z","0","A","1969-10-18T05:43:03.123Z","12:00:00","0","1956-02-10T01:45:16.685Z","12:00:00","1959-05-14T03:28:37.049Z","N",,"N","N","N","0","N","N","0","CF","N","N","9","2905943464",,"N","S","0","N","0","S","N",,"N","1964-03-30T06:26:41.155Z","0","NNNNNNNNNN","N","N","0"
"605136","Larissa Maria Júlia","Guilherme Paulo","Pietro Travessa","21318",,"Ofélia do Descoberto","Esther de Nossa Senhora","26770-953","(81) 62226-3820","(97) 75262-7834",,,,"749.373.533-65","9","ISENTO","1","pe-88.973.981","0",,"SSP","RS","0",,"0000-00-00","0","0000-00-00",,,,,"0","0","F","3","0","0","0","0","6","0","0",,"Larissa_MariaJulia17@yahoo.com","Larissa_MariaJulia17@yahoo.com","Larissa_MariaJulia17@yahoo.com",,"0","5","N","0","0",,"N","1940-10-03T02:11:11.710Z","1","0","30","N","A","S","0","N","N","N","N","N",,"N","0","N","N","N","N","N","N","0","0","N","N","0","0","0","0",,"1966-10-29T05:21:45.897Z","1965-02-18T19:37:42.686Z","0","A","1955-12-20T23:57:35.383Z","12:00:00","0","1969-12-31T01:01:37.950Z","12:00:00","1952-12-30T22:15:01.384Z","N",,"N","N","N","0","N","N","0","CF","N","N","9","2836343225",,"N","S","0","N","0","S","N",,"N","1966-12-10T18:43:57.206Z","0","NNNNNNNNNN","N","N","0"
"331081","Heitor Lorena","Felipe Ana Luiza","Paula Marginal","93190",,"Maria Helena do Descoberto","Elísio do Norte","89874-279","(25) 98764-8194","+55 (77) 0737-2813",,,,"942.117.294-97","9","ISENTO","1","ap-55.927.167","0",,"SSP","RS","0",,"0000-00-00","0","0000-00-00",,,,,"0","0","F","3","0","0","0","0","6","0","0",,"Heitor.Lorena71@yahoo.com","Heitor.Lorena71@yahoo.com","Heitor.Lorena71@yahoo.com",,"0","5","N","0","0",,"N","1957-04-09T04:56:09.691Z","1","0","30","N","A","S","0","N","N","N","N","N",,"N","0","N","N","N","N","N","N","0","0","N","N","0","0","0","0",,"1951-04-06T20:46:32.207Z","1950-07-24T15:39:11.170Z","0","A","1956-04-05T16:45:52.444Z","12:00:00","0","1958-11-23T04:30:41.611Z","12:00:00","1963-08-20T09:42:36.107Z","N",,"N","N","N","0","N","N","0","CF","N","N","9","3525557327",,"N","S","0","N","0","S","N",,"N","1966-06-10T06:25:05.904Z","0","NNNNNNNNNN","N","N","0"
"848317","Felipe Leonardo","Marina Heitor","Albuquerque Marginal","631",,"Barros do Sul","Pedro Henrique do Descoberto","17543-891","(58) 2800-2319","(27) 47143-8099",,,,"460.589.375-07","9","ISENTO","1","pe-64.075.565","0",,"SSP","RS","0",,"0000-00-00","0","0000-00-00",,,,,"0","0","F","3","0","0","0","0","6","0","0",,"Felipe.Leonardo88@bol.com.br","Felipe.Leonardo88@bol.com.br","Felipe.Leonardo88@bol.com.br",,"0","5","N","0","0",,"N","1959-06-08T14:51:54.877Z","1","0","30","N","A","S","0","N","N","N","N","N",,"N","0","N","N","N","N","N","N","0","0","N","N","0","0","0","0",,"1962-11-12T08:09:13.534Z","1951-09-19T18:58:32.297Z","0","A","1955-01-12T00:20:32.267Z","12:00:00","0","1950-12-31T01:32:57.802Z","12:00:00","1954-07-05T12:45:32.063Z","N",,"N","N","N","0","N","N","0","CF","N","N","9","8328606568",,"N","S","0","N","0","S","N",,"N","1953-05-13T16:06:38.432Z","0","NNNNNNNNNN","N","N","0"
"623613","Marcela Gabriel","Lucca Samuel","Felipe Avenida","186",,"Braga do Norte","Aline de Nossa Senhora","99508-867","+55 (60) 3436-1006","(71) 59107-0400",,,,"820.020.803-64","9","ISENTO","1","rj-82.912.497","0",,"SSP","RS","0",,"0000-00-00","0","0000-00-00",,,,,"0","0","F","3","0","0","0","0","6","0","0",,"Marcela.Gabriel@hotmail.com","Marcela.Gabriel@hotmail.com","Marcela.Gabriel@hotmail.com",,"0","5","N","0","0",,"N","1949-01-26T23:38:28.571Z","1","0","30","N","A","S","0","N","N","N","N","N",,"N","0","N","N","N","N","N","N","0","0","N","N","0","0","0","0",,"1967-08-02T11:24:27.469Z","1969-08-02T09:16:53.309Z","0","A","1968-11-30T05:13:35.136Z","12:00:00","0","1951-11-16T14:21:36.737Z","12:00:00","1952-12-07T09:08:51.357Z","N",,"N","N","N","0","N","N","0","CF","N","N","9","2437519138",,"N","S","0","N","0","S","N",,"N","1956-01-01T05:33:06.072Z","0","NNNNNNNNNN","N","N","0"
"125078","Luiza Ana Laura","Lorraine Mariana","Manuela Alameda","7986",,"Melo do Sul","Larissa do Descoberto","11119-017","(86) 65979-1035","+55 (77) 6878-2497",,,,"437.427.983-08","9","ISENTO","1","rs-67.553.798","0",,"SSP","RS","0",,"0000-00-00","0","0000-00-00",,,,,"0","0","F","3","0","0","0","0","6","0","0",,"Luiza.AnaLaura@gmail.com","Luiza.AnaLaura@gmail.com","Luiza.AnaLaura@gmail.com",,"0","5","N","0","0",,"N","1945-04-12T01:26:16.756Z","1","0","30","N","A","S","0","N","N","N","N","N",,"N","0","N","N","N","N","N","N","0","0","N","N","0","0","0","0",,"1958-03-16T17:25:45.149Z","1954-10-08T01:09:30.576Z","0","A","1952-05-03T12:44:33.683Z","12:00:00","0","1967-04-21T12:36:58.161Z","12:00:00","1967-09-21T14:09:42.512Z","N",,"N","N","N","0","N","N","0","CF","N","N","9","5132183818",,"N","S","0","N","0","S","N",,"N","1965-02-12T05:42:02.357Z","0","NNNNNNNNNN","N","N","0"
"300396","Enzo Gabriel Isabella","Norberto Pablo","Moraes Rua","6696",,"Santos do Norte","Sophia de Nossa Senhora","84837-051","(62) 23108-7777","(32) 9140-6150",,,,"116.005.964-01","9","ISENTO","1","ce-19.917.810","0",,"SSP","RS","0",,"0000-00-00","0","0000-00-00",,,,,"0","0","F","3","0","0","0","0","6","0","0",,"EnzoGabriel.Isabella@hotmail.com","EnzoGabriel.Isabella@hotmail.com","EnzoGabriel.Isabella@hotmail.com",,"0","5","N","0","0",,"N","1969-10-06T04:42:16.873Z","1","0","30","N","A","S","0","N","N","N","N","N",,"N","0","N","N","N","N","N","N","0","0","N","N","0","0","0","0",,"1957-12-28T05:45:07.517Z","1968-09-30T06:21:17.592Z","0","A","1953-10-17T21:30:51.396Z","12:00:00","0","1962-05-27T23:36:09.484Z","12:00:00","1965-11-14T08:28:49.740Z","N",,"N","N","N","0","N","N","0","CF","N","N","9","1557576803",,"N","S","0","N","0","S","N",,"N","1962-07-15T19:57:38.253Z","0","NNNNNNNNNN","N","N","0"
"465896","Miguel Théo","Beatriz Víctor","Lara Avenida","6926",,"Santos do Sul","Hélio do Sul","63036-378","+55 (49) 9345-2533","(41) 22578-4129",,,,"744.619.132-52","9","ISENTO","1","sc-53.878.725","0",,"SSP","RS","0",,"0000-00-00","0","0000-00-00",,,,,"0","0","F","3","0","0","0","0","6","0","0",,"Miguel.Theo@yahoo.com","Miguel.Theo@yahoo.com","Miguel.Theo@yahoo.com",,"0","5","N","0","0",,"N","1958-11-26T22:12:03.947Z","1","0","30","N","A","S","0","N","N","N","N","N",,"N","0","N","N","N","N","N","N","0","0","N","N","0","0","0","0",,"1961-06-02T12:12:44.593Z","1950-07-07T23:54:52.988Z","0","A","1953-01-17T06:55:49.847Z","12:00:00","0","1963-11-12T03:24:07.875Z","12:00:00","1953-08-24T16:41:39.636Z","N",,"N","N","N","0","N","N","0","CF","N","N","9","8224311813",,"N","S","0","N","0","S","N",,"N","1959-10-06T18:50:34.717Z","0","NNNNNNNNNN","N","N","0"
"399644","Manuela Morgana","Hugo Gustavo","Paulo Rodovia","445",,"Lucca do Sul","Santos de Nossa Senhora","95664-487","(78) 5329-4246","(86) 44913-8884",,,,"885.314.956-60","9","ISENTO","1","es-58.231.316","0",,"SSP","RS","0",,"0000-00-00","0","0000-00-00",,,,,"0","0","F","3","0","0","0","0","6","0","0",,"Manuela_Morgana@bol.com.br","Manuela_Morgana@bol.com.br","Manuela_Morgana@bol.com.br",,"0","5","N","0","0",,"N","1963-03-31T18:55:15.528Z","1","0","30","N","A","S","0","N","N","N","N","N",,"N","0","N","N","N","N","N","N","0","0","N","N","0","0","0","0",,"1958-10-13T23:37:32.012Z","1961-09-26T03:44:37.089Z","0","A","1951-09-06T03:18:06.571Z","12:00:00","0","1952-02-02T05:13:23.381Z","12:00:00","1960-11-23T20:47:33.499Z","N",,"N","N","N","0","N","N","0","CF","N","N","9","4527201225",,"N","S","0","N","0","S","N",,"N","1969-12-25T11:56:01.062Z","0","NNNNNNNNNN","N","N","0"
"448634","Meire Natália","Margarida Felícia","Albuquerque Marginal","125",,"Souza do Descoberto","Albuquerque de Nossa Senhora","16863-853","+55 (03) 6843-6717","+55 (23) 6741-6023",,,,"920.197.250-45","9","ISENTO","1","ms-97.953.447","0",,"SSP","RS","0",,"0000-00-00","0","0000-00-00",,,,,"0","0","F","3","0","0","0","0","6","0","0",,"Meire.Natalia39@hotmail.com","Meire.Natalia39@hotmail.com","Meire.Natalia39@hotmail.com",,"0","5","N","0","0",,"N","1944-08-30T05:15:45.519Z","1","0","30","N","A","S","0","N","N","N","N","N",,"N","0","N","N","N","N","N","N","0","0","N","N","0","0","0","0",,"1968-01-07T18:01:12.700Z","1967-03-24T23:58:47.190Z","0","A","1966-07-19T13:11:14.243Z","12:00:00","0","1959-03-16T17:00:08.039Z","12:00:00","1963-05-01T04:40:31.627Z","N",,"N","N","N","0","N","N","0","CF","N","N","9","6195197387",,"N","S","0","N","0","S","N",,"N","1963-08-22T07:06:09.340Z","0","NNNNNNNNNN","N","N","0"
"902975","Roberta Caio","Antônio Núbia","Marcos Avenida","766",,"Ana Júlia do Sul","Elisa do Sul","46973-201","(89) 7451-0232","(76) 11962-6307",,,,"440.374.841-45","9","ISENTO","1","pb-39.796.139","0",,"SSP","RS","0",,"0000-00-00","0","0000-00-00",,,,,"0","0","F","3","0","0","0","0","6","0","0",,"Roberta.Caio19@yahoo.com","Roberta.Caio19@yahoo.com","Roberta.Caio19@yahoo.com",,"0","5","N","0","0",,"N","1958-07-19T00:40:52.592Z","1","0","30","N","A","S","0","N","N","N","N","N",,"N","0","N","N","N","N","N","N","0","0","N","N","0","0","0","0",,"1963-08-31T10:05:42.741Z","1958-05-20T19:47:30.528Z","0","A","1960-06-24T15:24:30.520Z","12:00:00","0","1961-08-26T05:35:05.536Z","12:00:00","1951-03-14T06:22:42.306Z","N",,"N","N","N","0","N","N","0","CF","N","N","9","6814891611",,"N","S","0","N","0","S","N",,"N","1968-04-27T01:16:36.839Z","0","NNNNNNNNNN","N","N","0"
"687823","Ladislau Alessandra","Joana Lorena","Carlos Travessa","134",,"Antônio de Nossa Senhora","Batista do Norte","18770-623","(06) 7838-6262","+55 (84) 8371-9789",,,,"771.493.319-47","9","ISENTO","1","sp-04.189.458","0",,"SSP","RS","0",,"0000-00-00","0","0000-00-00",,,,,"0","0","F","3","0","0","0","0","6","0","0",,"Ladislau_Alessandra13@yahoo.com","Ladislau_Alessandra13@yahoo.com","Ladislau_Alessandra13@yahoo.com",,"0","5","N","0","0",,"N","1946-06-06T10:51:14.917Z","1","0","30","N","A","S","0","N","N","N","N","N",,"N","0","N","N","N","N","N","N","0","0","N","N","0","0","0","0",,"1953-01-25T15:39:25.158Z","1967-09-29T18:44:59.941Z","0","A","1960-06-27T05:49:26.121Z","12:00:00","0","1952-11-30T09:48:40.739Z","12:00:00","1954-02-04T11:35:25.148Z","N",,"N","N","N","0","N","N","0","CF","N","N","9","9807426702",,"N","S","0","N","0","S","N",,"N","1968-08-16T04:31:08.688Z","0","NNNNNNNNNN","N","N","0"
"204847","Maitê Raul","Ígor Feliciano","Anthony Alameda","2453",,"Souza do Sul","Murilo de Nossa Senhora","13038-076","(98) 7649-7442","+55 (04) 6064-4694",,,,"012.942.748-99","9","ISENTO","1","pi-76.646.881","0",,"SSP","RS","0",,"0000-00-00","0","0000-00-00",,,,,"0","0","F","3","0","0","0","0","6","0","0",,"Maite_Raul@live.com","Maite_Raul@live.com","Maite_Raul@live.com",,"0","5","N","0","0",,"N","1944-02-02T13:10:14.682Z","1","0","30","N","A","S","0","N","N","N","N","N",,"N","0","N","N","N","N","N","N","0","0","N","N","0","0","0","0",,"1966-02-28T21:29:00.733Z","1969-01-03T05:11:05.891Z","0","A","1967-04-27T20:22:11.572Z","12:00:00","0","1952-05-12T03:12:45.019Z","12:00:00","1957-10-26T12:42:58.670Z","N",,"N","N","N","0","N","N","0","CF","N","N","9","1266960353",,"N","S","0","N","0","S","N",,"N","1961-07-15T14:15:59.644Z","0","NNNNNNNNNN","N","N","0"
"689238","Pedro Isabela","Eduardo Joaquim","Moraes Avenida","188",,"Ígor do Norte","Xavier do Descoberto","05366-015","+55 (17) 3021-0639","(04) 33197-3859",,,,"746.137.174-69","9","ISENTO","1","sc-08.882.789","0",,"SSP","RS","0",,"0000-00-00","0","0000-00-00",,,,,"0","0","F","3","0","0","0","0","6","0","0",,"Pedro.Isabela29@bol.com.br","Pedro.Isabela29@bol.com.br","Pedro.Isabela29@bol.com.br",,"0","5","N","0","0",,"N","1950-10-27T06:59:15.981Z","1","0","30","N","A","S","0","N","N","N","N","N",,"N","0","N","N","N","N","N","N","0","0","N","N","0","0","0","0",,"1962-08-08T22:01:30.313Z","1961-05-23T22:13:22.233Z","0","A","1955-02-21T23:46:56.870Z","12:00:00","0","1955-06-09T13:24:24.156Z","12:00:00","1955-07-21T21:57:16.068Z","N",,"N","N","N","0","N","N","0","CF","N","N","9","8198138717",,"N","S","0","N","0","S","N",,"N","1958-04-04T11:35:21.964Z","0","NNNNNNNNNN","N","N","0"
"891482","Isadora Carla","Marcela Davi Lucca","Júlia Rua","36604",,"Oliveira do Descoberto","Deneval de Nossa Senhora","54002-324","+55 (55) 4414-3520","(26) 7818-7750",,,,"372.978.730-63","9","ISENTO","1","to-07.954.609","0",,"SSP","RS","0",,"0000-00-00","0","0000-00-00",,,,,"0","0","F","3","0","0","0","0","6","0","0",,"Isadora.Carla14@yahoo.com","Isadora.Carla14@yahoo.com","Isadora.Carla14@yahoo.com",,"0","5","N","0","0",,"N","1946-12-02T16:36:42.984Z","1","0","30","N","A","S","0","N","N","N","N","N",,"N","0","N","N","N","N","N","N","0","0","N","N","0","0","0","0",,"1969-11-02T17:58:18.133Z","1955-07-29T05:53:40.487Z","0","A","1956-08-27T15:57:17.352Z","12:00:00","0","1955-12-19T13:45:09.119Z","12:00:00","1966-03-30T03:32:30.026Z","N",,"N","N","N","0","N","N","0","CF","N","N","9","8803410420",,"N","S","0","N","0","S","N",,"N","1966-02-10T04:34:16.235Z","0","NNNNNNNNNN","N","N","0"
"276755","Yago Giovanna","Júlio Marli","Reis Marginal","96706",,"Vitória do Norte","Moraes do Norte","82504-792","(08) 8720-0215","(93) 99612-2009",,,,"741.803.411-31","9","ISENTO","1","es-45.314.242","0",,"SSP","RS","0",,"0000-00-00","0","0000-00-00",,,,,"0","0","F","3","0","0","0","0","6","0","0",,"Yago.Giovanna@live.com","Yago.Giovanna@live.com","Yago.Giovanna@live.com",,"0","5","N","0","0",,"N","1954-03-07T19:08:16.195Z","1","0","30","N","A","S","0","N","N","N","N","N",,"N","0","N","N","N","N","N","N","0","0","N","N","0","0","0","0",,"1966-08-24T22:06:45.131Z","1966-10-31T11:34:25.514Z","0","A","1969-04-19T11:57:20.410Z","12:00:00","0","1957-08-08T12:14:03.353Z","12:00:00","1957-06-15T22:30:20.422Z","N",,"N","N","N","0","N","N","0","CF","N","N","9","7272415696",,"N","S","0","N","0","S","N",,"N","1961-12-25T12:18:13.954Z","0","NNNNNNNNNN","N","N","0"
"659617","Tertuliano Júlia","Maria Alice Gabriel","Moreira Rodovia","6769",,"Natália do Norte","Xavier de Nossa Senhora","42748-306","+55 (38) 7365-7074","+55 (79) 3946-3655",,,,"187.099.850-26","9","ISENTO","1","al-44.933.810","0",,"SSP","RS","0",,"0000-00-00","0","0000-00-00",,,,,"0","0","F","3","0","0","0","0","6","0","0",,"Tertuliano.Julia@gmail.com","Tertuliano.Julia@gmail.com","Tertuliano.Julia@gmail.com",,"0","5","N","0","0",,"N","1946-08-20T11:58:56.759Z","1","0","30","N","A","S","0","N","N","N","N","N",,"N","0","N","N","N","N","N","N","0","0","N","N","0","0","0","0",,"1952-11-25T00:52:05.642Z","1953-12-09T08:43:59.717Z","0","A","1952-06-30T05:11:16.779Z","12:00:00","0","1960-09-28T05:54:38.218Z","12:00:00","1967-01-22T01:37:46.061Z","N",,"N","N","N","0","N","N","0","CF","N","N","9","6763840899",,"N","S","0","N","0","S","N",,"N","1953-04-24T12:35:16.241Z","0","NNNNNNNNNN","N","N","0"
"749913","Valentina Roberto","Maria Cecília Sara","Albuquerque Alameda","82054",,"Bruna do Sul","Carvalho do Descoberto","38906-613","+55 (58) 2346-4993","+55 (36) 1771-7232",,,,"738.626.679-01","9","ISENTO","1","to-48.035.094","0",,"SSP","RS","0",,"0000-00-00","0","0000-00-00",,,,,"0","0","F","3","0","0","0","0","6","0","0",,"Valentina_Roberto@yahoo.com","Valentina_Roberto@yahoo.com","Valentina_Roberto@yahoo.com",,"0","5","N","0","0",,"N","1962-11-17T15:30:15.115Z","1","0","30","N","A","S","0","N","N","N","N","N",,"N","0","N","N","N","N","N","N","0","0","N","N","0","0","0","0",,"1960-02-12T06:01:05.308Z","1969-10-21T01:40:48.543Z","0","A","1953-08-12T12:23:41.286Z","12:00:00","0","1956-04-07T22:35:29.165Z","12:00:00","1956-02-01T17:58:13.484Z","N",,"N","N","N","0","N","N","0","CF","N","N","9","3597367043",,"N","S","0","N","0","S","N",,"N","1968-11-28T06:33:50.139Z","0","NNNNNNNNNN","N","N","0"
"266975","Suélen Larissa","Hugo Félix","Fabiano Avenida","2554",,"Lorenzo do Norte","Silva do Sul","66373-594","(43) 8558-0103","(65) 09071-8979",,,,"687.949.616-46","9","ISENTO","1","ce-01.708.016","0",,"SSP","RS","0",,"0000-00-00","0","0000-00-00",,,,,"0","0","F","3","0","0","0","0","6","0","0",,"Suelen_Larissa@yahoo.com","Suelen_Larissa@yahoo.com","Suelen_Larissa@yahoo.com",,"0","5","N","0","0",,"N","1956-06-24T19:06:42.445Z","1","0","30","N","A","S","0","N","N","N","N","N",,"N","0","N","N","N","N","N","N","0","0","N","N","0","0","0","0",,"1957-07-14T13:28:38.802Z","1950-05-20T13:08:32.281Z","0","A","1957-02-10T01:54:05.814Z","12:00:00","0","1969-04-18T20:24:16.131Z","12:00:00","1961-03-27T09:57:46.926Z","N",,"N","N","N","0","N","N","0","CF","N","N","9","3565384569",,"N","S","0","N","0","S","N",,"N","1965-11-11T19:36:51.538Z","0","NNNNNNNNNN","N","N","0"
"290784","Lorena Breno","Maria Helena Luiza","Maria Helena Avenida","39990",,"Silva do Descoberto","Macedo de Nossa Senhora","67534-529","(62) 14917-0945","(44) 0284-2194",,,,"208.391.459-77","9","ISENTO","1","pb-22.168.008","0",,"SSP","RS","0",,"0000-00-00","0","0000-00-00",,,,,"0","0","F","3","0","0","0","0","6","0","0",,"Lorena_Breno4@bol.com.br","Lorena_Breno4@bol.com.br","Lorena_Breno4@bol.com.br",,"0","5","N","0","0",,"N","1965-02-07T10:45:57.290Z","1","0","30","N","A","S","0","N","N","N","N","N",,"N","0","N","N","N","N","N","N","0","0","N","N","0","0","0","0",,"1963-01-03T02:03:48.154Z","1957-06-18T07:05:03.855Z","0","A","1960-05-26T12:03:03.494Z","12:00:00","0","1955-06-27T23:27:01.452Z","12:00:00","1957-08-25T00:48:30.309Z","N",,"N","N","N","0","N","N","0","CF","N","N","9","6898370837",,"N","S","0","N","0","S","N",,"N","1969-02-16T18:02:53.405Z","0","NNNNNNNNNN","N","N","0"
"639135","Laura Marcela","Maitê Paulo","Isaac Rua","8815",,"Xavier de Nossa Senhora","Caio de Nossa Senhora","98362-311","(69) 7716-3668","(71) 98743-6302",,,,"070.245.288-26","9","ISENTO","1","rn-40.419.192","0",,"SSP","RS","0",,"0000-00-00","0","0000-00-00",,,,,"0","0","F","3","0","0","0","0","6","0","0",,"Laura.Marcela@yahoo.com","Laura.Marcela@yahoo.com","Laura.Marcela@yahoo.com",,"0","5","N","0","0",,"N","1966-11-10T19:35:03.808Z","1","0","30","N","A","S","0","N","N","N","N","N",,"N","0","N","N","N","N","N","N","0","0","N","N","0","0","0","0",,"1954-08-30T02:11:55.676Z","1959-11-29T00:46:41.188Z","0","A","1951-10-31T03:45:10.640Z","12:00:00","0","1955-06-30T19:51:06.253Z","12:00:00","1955-12-16T19:31:01.662Z","N",,"N","N","N","0","N","N","0","CF","N","N","9","8987622746",,"N","S","0","N","0","S","N",,"N","1961-06-12T14:44:12.926Z","0","NNNNNNNNNN","N","N","0"
"577429","Márcia Nataniel","Isabela Ana Júlia","Júlio Marginal","9866",,"Vitor do Sul","Santos de Nossa Senhora","06027-629","(42) 62230-5766","+55 (58) 7503-7055",,,,"194.202.329-48","9","ISENTO","1","mg-54.680.331","0",,"SSP","RS","0",,"0000-00-00","0","0000-00-00",,,,,"0","0","F","3","0","0","0","0","6","0","0",,"Marcia_Nataniel@gmail.com","Marcia_Nataniel@gmail.com","Marcia_Nataniel@gmail.com",,"0","5","N","0","0",,"N","1956-09-25T23:59:30.707Z","1","0","30","N","A","S","0","N","N","N","N","N",,"N","0","N","N","N","N","N","N","0","0","N","N","0","0","0","0",,"1953-07-16T07:39:48.853Z","1967-07-11T14:37:29.467Z","0","A","1961-01-07T07:31:49.490Z","12:00:00","0","1969-08-14T13:43:54.420Z","12:00:00","1952-06-05T10:33:47.641Z","N",,"N","N","N","0","N","N","0","CF","N","N","9","6358224960",,"N","S","0","N","0","S","N",,"N","1966-05-04T22:25:29.386Z","0","NNNNNNNNNN","N","N","0"
"848654","Rafael Meire","Yango Davi Lucca","Silva Rua","4069",,"Martins do Sul","Ana Júlia de Nossa Senhora","04574-189","+55 (37) 8020-0139","(57) 6927-8475",,,,"222.989.381-56","9","ISENTO","1","rj-96.052.266","0",,"SSP","RS","0",,"0000-00-00","0","0000-00-00",,,,,"0","0","F","3","0","0","0","0","6","0","0",,"Rafael.Meire89@live.com","Rafael.Meire89@live.com","Rafael.Meire89@live.com",,"0","5","N","0","0",,"N","1951-03-22T13:58:43.074Z","1","0","30","N","A","S","0","N","N","N","N","N",,"N","0","N","N","N","N","N","N","0","0","N","N","0","0","0","0",,"1965-04-08T09:47:53.726Z","1968-08-24T04:17:22.287Z","0","A","1957-11-06T07:21:40.587Z","12:00:00","0","1968-09-12T06:43:40.299Z","12:00:00","1960-07-24T14:04:27.531Z","N",,"N","N","N","0","N","N","0","CF","N","N","9","9883301362",,"N","S","0","N","0","S","N",,"N","1968-07-28T12:48:50.390Z","0","NNNNNNNNNN","N","N","0"
"201924","Guilherme Ana Laura","Sarah Alexandre","Xavier Rodovia","7901",,"Júlio de Nossa Senhora","Fabrício do Sul","46107-150","(33) 05958-2209","(60) 4547-6834",,,,"112.878.267-76","9","ISENTO","1","ms-17.661.166","0",,"SSP","RS","0",,"0000-00-00","0","0000-00-00",,,,,"0","0","F","3","0","0","0","0","6","0","0",,"Guilherme_AnaLaura@live.com","Guilherme_AnaLaura@live.com","Guilherme_AnaLaura@live.com",,"0","5","N","0","0",,"N","1953-08-20T18:57:30.097Z","1","0","30","N","A","S","0","N","N","N","N","N",,"N","0","N","N","N","N","N","N","0","0","N","N","0","0","0","0",,"1969-02-14T09:35:59.748Z","1968-01-27T19:39:41.144Z","0","A","1966-07-01T08:46:12.685Z","12:00:00","0","1957-11-03T08:17:45.684Z","12:00:00","1957-01-13T11:39:26.567Z","N",,"N","N","N","0","N","N","0","CF","N","N","9","8043473103",,"N","S","0","N","0","S","N",,"N","1954-04-21T17:25:30.401Z","0","NNNNNNNNNN","N","N","0"
"340073","Lorenzo Gúbio","Morgana Lara","Xavier Travessa","818",,"Emanuel do Norte","Isabella de Nossa Senhora","15417-777","(76) 76393-0723","(50) 8241-2530",,,,"232.149.693-23","9","ISENTO","1","pb-73.136.478","0",,"SSP","RS","0",,"0000-00-00","0","0000-00-00",,,,,"0","0","F","3","0","0","0","0","6","0","0",,"Lorenzo.Gubio25@gmail.com","Lorenzo.Gubio25@gmail.com","Lorenzo.Gubio25@gmail.com",,"0","5","N","0","0",,"N","1945-10-01T16:08:32.802Z","1","0","30","N","A","S","0","N","N","N","N","N",,"N","0","N","N","N","N","N","N","0","0","N","N","0","0","0","0",,"1963-03-25T23:17:19.911Z","1955-10-06T01:24:33.743Z","0","A","1951-11-19T18:15:51.245Z","12:00:00","0","1959-01-22T02:34:32.488Z","12:00:00","1958-05-17T21:24:31.267Z","N",,"N","N","N","0","N","N","0","CF","N","N","9","5823963130",,"N","S","0","N","0","S","N",,"N","1952-05-22T14:46:50.941Z","0","NNNNNNNNNN","N","N","0"
"948335","Carla Roberto","Nataniel Gúbio","Braga Marginal","8378",,"Isabella de Nossa Senhora","Benício do Descoberto","41235-034","(72) 2731-2725","+55 (66) 3560-6957",,,,"574.888.661-85","9","ISENTO","1","ms-68.870.321","0",,"SSP","RS","0",,"0000-00-00","0","0000-00-00",,,,,"0","0","F","3","0","0","0","0","6","0","0",,"Carla.Roberto@bol.com.br","Carla.Roberto@bol.com.br","Carla.Roberto@bol.com.br",,"0","5","N","0","0",,"N","1963-09-26T06:20:08.911Z","1","0","30","N","A","S","0","N","N","N","N","N",,"N","0","N","N","N","N","N","N","0","0","N","N","0","0","0","0",,"1959-04-11T11:57:41.254Z","1961-11-02T23:52:59.697Z","0","A","1957-12-26T00:27:00.914Z","12:00:00","0","1968-04-27T02:12:22.984Z","12:00:00","1956-06-19T14:18:01.854Z","N",,"N","N","N","0","N","N","0","CF","N","N","9","8407418058",,"N","S","0","N","0","S","N",,"N","1958-04-14T22:07:35.347Z","0","NNNNNNNNNN","N","N","0"
"761212","Mércia Silas","Matheus Bernardo","Paula Rua","600",,"Lívia do Descoberto","Reis do Descoberto","37190-423","(96) 51045-1721","(12) 32106-1207",,,,"245.603.203-90","9","ISENTO","1","df-41.791.731","0",,"SSP","RS","0",,"0000-00-00","0","0000-00-00",,,,,"0","0","F","3","0","0","0","0","6","0","0",,"Mercia_Silas@hotmail.com","Mercia_Silas@hotmail.com","Mercia_Silas@hotmail.com",,"0","5","N","0","0",,"N","1961-01-22T04:58:03.567Z","1","0","30","N","A","S","0","N","N","N","N","N",,"N","0","N","N","N","N","N","N","0","0","N","N","0","0","0","0",,"1964-07-06T22:56:46.156Z","1956-07-08T23:50:19.273Z","0","A","1969-10-07T12:05:20.438Z","12:00:00","0","1963-02-09T07:33:01.463Z","12:00:00","1950-02-02T02:22:22.946Z","N",,"N","N","N","0","N","N","0","CF","N","N","9","5816304472",,"N","S","0","N","0","S","N",,"N","1963-04-03T15:25:33.046Z","0","NNNNNNNNNN","N","N","0"
"131460","Pedro Henrique Maria Eduarda","Núbia Lorena","Gabriel Rodovia","1040",,"Meire do Sul","Batista do Sul","22940-596","(32) 70929-3298","+55 (04) 2123-7973",,,,"607.823.627-02","9","ISENTO","1","ap-71.877.934","0",,"SSP","RS","0",,"0000-00-00","0","0000-00-00",,,,,"0","0","F","3","0","0","0","0","6","0","0",,"PedroHenrique_MariaEduarda82@yahoo.com","PedroHenrique_MariaEduarda82@yahoo.com","PedroHenrique_MariaEduarda82@yahoo.com",,"0","5","N","0","0",,"N","1952-09-16T09:38:13.487Z","1","0","30","N","A","S","0","N","N","N","N","N",,"N","0","N","N","N","N","N","N","0","0","N","N","0","0","0","0",,"1969-11-12T06:31:02.116Z","1963-12-31T04:56:36.993Z","0","A","1950-09-14T23:35:58.522Z","12:00:00","0","1960-05-09T17:40:12.307Z","12:00:00","1955-03-24T20:34:09.091Z","N",,"N","N","N","0","N","N","0","CF","N","N","9","1877078678",,"N","S","0","N","0","S","N",,"N","1959-07-27T17:39:08.528Z","0","NNNNNNNNNN","N","N","0"
"429495","Morgana Antônio","Hélio Marcela","Costa Rua","312",,"Maria Cecília do Norte","Saraiva do Sul","28561-437","(52) 1740-1654","+55 (42) 4152-8934",,,,"641.610.530-61","9","ISENTO","1","al-77.575.491","0",,"SSP","RS","0",,"0000-00-00","0","0000-00-00",,,,,"0","0","F","3","0","0","0","0","6","0","0",,"Morgana.Antonio@live.com","Morgana.Antonio@live.com","Morgana.Antonio@live.com",,"0","5","N","0","0",,"N","1958-10-27T20:08:22.548Z","1","0","30","N","A","S","0","N","N","N","N","N",,"N","0","N","N","N","N","N","N","0","0","N","N","0","0","0","0",,"1962-02-11T17:47:59.637Z","1962-11-25T22:45:10.912Z","0","A","1950-11-07T15:33:43.158Z","12:00:00","0","1967-12-25T13:36:46.030Z","12:00:00","1950-08-11T06:42:32.290Z","N",,"N","N","N","0","N","N","0","CF","N","N","9","8642310790",,"N","S","0","N","0","S","N",,"N","1963-08-03T21:34:45.862Z","0","NNNNNNNNNN","N","N","0"
"594432","Margarida Isabella","Feliciano Yasmin","João Miguel Marginal","773",,"Santos do Descoberto","Pereira do Norte","04226-330","+55 (99) 2097-0251","(11) 59897-3821",,,,"023.191.453-97","9","ISENTO","1","pa-89.138.876","0",,"SSP","RS","0",,"0000-00-00","0","0000-00-00",,,,,"0","0","F","3","0","0","0","0","6","0","0",,"Margarida.Isabella59@yahoo.com","Margarida.Isabella59@yahoo.com","Margarida.Isabella59@yahoo.com",,"0","5","N","0","0",,"N","1952-12-26T03:00:44.793Z","1","0","30","N","A","S","0","N","N","N","N","N",,"N","0","N","N","N","N","N","N","0","0","N","N","0","0","0","0",,"1957-05-31T12:14:21.018Z","1967-06-30T08:57:41.496Z","0","A","1954-03-02T16:33:50.417Z","12:00:00","0","1954-10-18T14:50:49.516Z","12:00:00","1956-09-04T07:50:23.342Z","N",,"N","N","N","0","N","N","0","CF","N","N","9","9784989073",,"N","S","0","N","0","S","N",,"N","1963-03-05T02:13:06.510Z","0","NNNNNNNNNN","N","N","0"
"279783","Beatriz Rafael","Júlia Lívia","Silva Rua","653",,"Santos do Descoberto","Benjamin do Sul","49976-580","(38) 8031-6418","+55 (65) 5029-4193",,,,"523.218.427-09","9","ISENTO","1","pi-37.934.944","0",,"SSP","RS","0",,"0000-00-00","0","0000-00-00",,,,,"0","0","F","3","0","0","0","0","6","0","0",,"Beatriz.Rafael2@live.com","Beatriz.Rafael2@live.com","Beatriz.Rafael2@live.com",,"0","5","N","0","0",,"N","1952-09-15T18:20:13.149Z","1","0","30","N","A","S","0","N","N","N","N","N",,"N","0","N","N","N","N","N","N","0","0","N","N","0","0","0","0",,"1963-07-16T09:10:54.826Z","1955-11-18T05:37:44.524Z","0","A","1952-09-15T18:30:46.114Z","12:00:00","0","1958-05-21T14:25:11.039Z","12:00:00","1963-07-06T08:07:30.777Z","N",,"N","N","N","0","N","N","0","CF","N","N","9","7580161077",,"N","S","0","N","0","S","N",,"N","1967-05-06T03:12:10.503Z","0","NNNNNNNNNN","N","N","0"
"576740","Dalila Washington","João Ofélia","Franco Marginal","359",,"Tertuliano do Norte","Moraes do Sul","01129-193","(19) 69264-5717","(14) 0962-1705",,,,"386.179.485-31","9","ISENTO","1","ma-39.742.838","0",,"SSP","RS","0",,"0000-00-00","0","0000-00-00",,,,,"0","0","F","3","0","0","0","0","6","0","0",,"Dalila_Washington54@yahoo.com","Dalila_Washington54@yahoo.com","Dalila_Washington54@yahoo.com",,"0","5","N","0","0",,"N","1966-12-22T00:00:55.406Z","1","0","30","N","A","S","0","N","N","N","N","N",,"N","0","N","N","N","N","N","N","0","0","N","N","0","0","0","0",,"1966-10-31T20:17:38.280Z","1953-04-20T12:17:57.820Z","0","A","1964-09-06T11:40:56.721Z","12:00:00","0","1956-12-15T18:46:14.563Z","12:00:00","1953-02-22T23:37:02.358Z","N",,"N","N","N","0","N","N","0","CF","N","N","9","1929191045",,"N","S","0","N","0","S","N",,"N","1958-09-26T12:46:53.840Z","0","NNNNNNNNNN","N","N","0"
"877140","Heitor Ígor","Eduarda Roberto","Barros Marginal","564",,"Maria Júlia do Sul","Arthur do Norte","70208-684","(28) 90291-3113","(93) 84050-1733",,,,"020.123.932-92","9","ISENTO","1","rn-30.392.150","0",,"SSP","RS","0",,"0000-00-00","0","0000-00-00",,,,,"0","0","F","3","0","0","0","0","6","0","0",,"Heitor_Igor@bol.com.br","Heitor_Igor@bol.com.br","Heitor_Igor@bol.com.br",,"0","5","N","0","0",,"N","1950-05-12T17:59:30.870Z","1","0","30","N","A","S","0","N","N","N","N","N",,"N","0","N","N","N","N","N","N","0","0","N","N","0","0","0","0",,"1951-09-28T04:34:21.113Z","1964-12-03T21:27:28.035Z","0","A","1968-08-11T05:16:20.207Z","12:00:00","0","1957-09-24T05:00:43.950Z","12:00:00","1968-06-02T04:33:34.276Z","N",,"N","N","N","0","N","N","0","CF","N","N","9","2280404051",,"N","S","0","N","0","S","N",,"N","1964-03-26T21:23:59.610Z","0","NNNNNNNNNN","N","N","0"
"101935","Enzo Gabriel Alícia","Benjamin Emanuelly","Moraes Rodovia","116",,"Moreira de Nossa Senhora","Costa do Norte","99007-642","(95) 0470-3854","+55 (07) 3372-9325",,,,"185.246.716-96","9","ISENTO","1","ma-84.600.386","0",,"SSP","RS","0",,"0000-00-00","0","0000-00-00",,,,,"0","0","F","3","0","0","0","0","6","0","0",,"EnzoGabriel.Alicia57@hotmail.com","EnzoGabriel.Alicia57@hotmail.com","EnzoGabriel.Alicia57@hotmail.com",,"0","5","N","0","0",,"N","1947-02-26T00:22:03.280Z","1","0","30","N","A","S","0","N","N","N","N","N",,"N","0","N","N","N","N","N","N","0","0","N","N","0","0","0","0",,"1965-04-17T04:49:12.012Z","1951-12-05T20:42:54.202Z","0","A","1950-07-14T23:08:03.171Z","12:00:00","0","1959-07-27T18:57:55.953Z","12:00:00","1952-07-02T05:38:27.944Z","N",,"N","N","N","0","N","N","0","CF","N","N","9","4113293176",,"N","S","0","N","0","S","N",,"N","1966-02-18T14:31:32.787Z","0","NNNNNNNNNN","N","N","0"
"979351","João Carlos","Marcela Maria Cecília","Batista Alameda","3496",,"Vicente do Norte","Yango de Nossa Senhora","13654-755","(53) 2445-7147","(95) 31244-2904",,,,"776.173.235-30","9","ISENTO","1","rn-88.708.277","0",,"SSP","RS","0",,"0000-00-00","0","0000-00-00",,,,,"0","0","F","3","0","0","0","0","6","0","0",,"Joao_Carlos1@live.com","Joao_Carlos1@live.com","Joao_Carlos1@live.com",,"0","5","N","0","0",,"N","1965-05-04T02:20:34.419Z","1","0","30","N","A","S","0","N","N","N","N","N",,"N","0","N","N","N","N","N","N","0","0","N","N","0","0","0","0",,"1969-06-26T14:07:13.114Z","1961-03-22T04:48:57.043Z","0","A","1957-03-30T02:52:35.420Z","12:00:00","0","1965-11-18T04:34:46.275Z","12:00:00","1954-07-15T11:15:42.655Z","N",,"N","N","N","0","N","N","0","CF","N","N","9","7982582436",,"N","S","0","N","0","S","N",,"N","1965-11-27T14:22:46.602Z","0","NNNNNNNNNN","N","N","0"
"452161","Raul Lucca","Ofélia Pietro","Moraes Rodovia","718",,"Braga do Descoberto","Isaac do Norte","82746-908","(93) 61775-9163","+55 (99) 0095-8361",,,,"006.362.214-90","9","ISENTO","1","pb-76.653.885","0",,"SSP","RS","0",,"0000-00-00","0","0000-00-00",,,,,"0","0","F","3","0","0","0","0","6","0","0",,"Raul.Lucca45@yahoo.com","Raul.Lucca45@yahoo.com","Raul.Lucca45@yahoo.com",,"0","5","N","0","0",,"N","1942-03-19T09:58:00.308Z","1","0","30","N","A","S","0","N","N","N","N","N",,"N","0","N","N","N","N","N","N","0","0","N","N","0","0","0","0",,"1964-04-28T18:49:48.057Z","1958-07-20T08:15:08.922Z","0","A","1968-06-19T00:18:07.495Z","12:00:00","0","1961-09-06T23:07:26.370Z","12:00:00","1968-10-09T12:41:26.162Z","N",,"N","N","N","0","N","N","0","CF","N","N","9","4801887621",,"N","S","0","N","0","S","N",,"N","1968-02-21T17:54:57.226Z","0","NNNNNNNNNN","N","N","0"
"285080","Lucca Nataniel","Isaac Caio","Moraes Rodovia","47238",,"Santos do Sul","Janaína do Sul","41232-575","(49) 3208-4143","+55 (10) 9376-9499",,,,"631.205.345-87","9","ISENTO","1","es-65.137.940","0",,"SSP","RS","0",,"0000-00-00","0","0000-00-00",,,,,"0","0","F","3","0","0","0","0","6","0","0",,"Lucca.Nataniel@yahoo.com","Lucca.Nataniel@yahoo.com","Lucca.Nataniel@yahoo.com",,"0","5","N","0","0",,"N","1966-01-24T06:55:53.605Z","1","0","30","N","A","S","0","N","N","N","N","N",,"N","0","N","N","N","N","N","N","0","0","N","N","0","0","0","0",,"1958-12-27T17:49:06.106Z","1967-03-14T14:55:29.931Z","0","A","1961-11-30T20:41:00.388Z","12:00:00","0","1968-07-27T12:19:57.209Z","12:00:00","1969-01-11T20:37:11.721Z","N",,"N","N","N","0","N","N","0","CF","N","N","9","2333917668",,"N","S","0","N","0","S","N",,"N","1966-08-06T01:51:22.673Z","0","NNNNNNNNNN","N","N","0"
"152943","Carla Pietro","Sílvia Bruna","Carvalho Alameda","78673",,"Oliveira do Sul","Oliveira de Nossa Senhora","97175-013","(98) 10592-8252","(65) 7684-8132",,,,"551.347.499-90","9","ISENTO","1","es-04.913.695","0",,"SSP","RS","0",,"0000-00-00","0","0000-00-00",,,,,"0","0","F","3","0","0","0","0","6","0","0",,"Carla_Pietro@yahoo.com","Carla_Pietro@yahoo.com","Carla_Pietro@yahoo.com",,"0","5","N","0","0",,"N","1964-04-29T12:06:10.483Z","1","0","30","N","A","S","0","N","N","N","N","N",,"N","0","N","N","N","N","N","N","0","0","N","N","0","0","0","0",,"1960-06-07T21:08:26.551Z","1964-06-26T19:54:04.886Z","0","A","1956-09-26T15:24:43.711Z","12:00:00","0","1957-07-28T19:42:02.589Z","12:00:00","1954-09-06T04:31:29.000Z","N",,"N","N","N","0","N","N","0","CF","N","N","9","1118862144",,"N","S","0","N","0","S","N",,"N","1967-11-29T13:08:22.091Z","0","NNNNNNNNNN","N","N","0"
"955743","Bryan Cauã","Célia Alessandro","Manuela Rodovia","7510",,"Bernardo de Nossa Senhora","Heloísa de Nossa Senhora","24229-493","(44) 8862-8492","(71) 22133-7508",,,,"975.384.781-59","9","ISENTO","1","es-65.630.912","0",,"SSP","RS","0",,"0000-00-00","0","0000-00-00",,,,,"0","0","F","3","0","0","0","0","6","0","0",,"Bryan.Caua@hotmail.com","Bryan.Caua@hotmail.com","Bryan.Caua@hotmail.com",,"0","5","N","0","0",,"N","1940-10-16T11:03:59.559Z","1","0","30","N","A","S","0","N","N","N","N","N",,"N","0","N","N","N","N","N","N","0","0","N","N","0","0","0","0",,"1953-05-08T21:32:53.579Z","1962-03-22T14:28:06.361Z","0","A","1957-07-03T04:22:12.793Z","12:00:00","0","1950-01-18T16:47:25.397Z","12:00:00","1951-10-11T03:18:05.985Z","N",,"N","N","N","0","N","N","0","CF","N","N","9","3898136312",,"N","S","0","N","0","S","N",,"N","1952-07-08T05:55:56.297Z","0","NNNNNNNNNN","N","N","0"
"716919","Feliciano Félix","Norberto Marli","Maria Eduarda Alameda","67603",,"Franco do Sul","Costa do Descoberto","51617-384","(84) 34200-6305","(18) 00682-2235",,,,"231.404.112-78","9","ISENTO","1","rn-88.101.731","0",,"SSP","RS","0",,"0000-00-00","0","0000-00-00",,,,,"0","0","F","3","0","0","0","0","6","0","0",,"Feliciano_Felix@gmail.com","Feliciano_Felix@gmail.com","Feliciano_Felix@gmail.com",,"0","5","N","0","0",,"N","1941-08-16T21:08:35.818Z","1","0","30","N","A","S","0","N","N","N","N","N",,"N","0","N","N","N","N","N","N","0","0","N","N","0","0","0","0",,"1951-09-15T23:36:03.687Z","1958-04-21T08:18:54.584Z","0","A","1953-06-10T04:18:09.903Z","12:00:00","0","1956-07-05T12:31:08.584Z","12:00:00","1968-05-07T04:00:50.118Z","N",,"N","N","N","0","N","N","0","CF","N","N","9","4432226218",,"N","S","0","N","0","S","N",,"N","1967-11-14T08:46:22.180Z","0","NNNNNNNNNN","N","N","0"
"581659","Fabiano Ana Júlia","Ana Clara Feliciano","João Pedro Avenida","10385",,"Gael de Nossa Senhora","Marcelo de Nossa Senhora","55307-426","(23) 6740-4337","+55 (54) 9833-2888",,,,"447.488.196-69","9","ISENTO","1","am-07.616.832","0",,"SSP","RS","0",,"0000-00-00","0","0000-00-00",,,,,"0","0","F","3","0","0","0","0","6","0","0",,"Fabiano_AnaJulia@gmail.com","Fabiano_AnaJulia@gmail.com","Fabiano_AnaJulia@gmail.com",,"0","5","N","0","0",,"N","1940-12-02T03:31:11.445Z","1","0","30","N","A","S","0","N","N","N","N","N",,"N","0","N","N","N","N","N","N","0","0","N","N","0","0","0","0",,"1955-09-15T03:08:17.344Z","1960-10-25T15:20:36.690Z","0","A","1954-06-25T18:58:12.741Z","12:00:00","0","1954-06-07T15:08:17.613Z","12:00:00","1958-10-18T15:58:42.684Z","N",,"N","N","N","0","N","N","0","CF","N","N","9","1009322191",,"N","S","0","N","0","S","N",,"N","1968-01-07T08:49:37.931Z","0","NNNNNNNNNN","N","N","0"
"922180","Eloá Júlia","Alessandro Júlia","Santos Rodovia","910",,"Souza do Norte","Macedo do Norte","60256-321","+55 (61) 2303-0999","(64) 88023-1797",,,,"706.885.045-66","9","ISENTO","1","ce-66.724.341","0",,"SSP","RS","0",,"0000-00-00","0","0000-00-00",,,,,"0","0","F","3","0","0","0","0","6","0","0",,"Eloa_Julia@gmail.com","Eloa_Julia@gmail.com","Eloa_Julia@gmail.com",,"0","5","N","0","0",,"N","1966-08-23T15:43:01.034Z","1","0","30","N","A","S","0","N","N","N","N","N",,"N","0","N","N","N","N","N","N","0","0","N","N","0","0","0","0",,"1964-12-29T06:09:40.280Z","1959-04-25T20:44:39.497Z","0","A","1951-09-23T19:07:23.348Z","12:00:00","0","1966-02-11T06:28:47.730Z","12:00:00","1966-05-28T21:23:29.145Z","N",,"N","N","N","0","N","N","0","CF","N","N","9","8704374716",,"N","S","0","N","0","S","N",,"N","1967-06-06T08:59:30.525Z","0","NNNNNNNNNN","N","N","0"
"176992","Maria Alice Mércia","Gustavo Maria Helena","Costa Alameda","7397",,"Silva do Sul","Braga de Nossa Senhora","22502-264","(17) 9322-8925","(06) 46777-5643",,,,"169.224.033-12","9","ISENTO","1","to-69.646.417","0",,"SSP","RS","0",,"0000-00-00","0","0000-00-00",,,,,"0","0","F","3","0","0","0","0","6","0","0",,"MariaAlice.Mercia48@live.com","MariaAlice.Mercia48@live.com","MariaAlice.Mercia48@live.com",,"0","5","N","0","0",,"N","1962-02-28T00:45:17.408Z","1","0","30","N","A","S","0","N","N","N","N","N",,"N","0","N","N","N","N","N","N","0","0","N","N","0","0","0","0",,"1964-07-08T17:11:28.224Z","1968-09-23T02:31:28.993Z","0","A","1965-01-20T01:20:18.082Z","12:00:00","0","1963-12-06T04:32:49.181Z","12:00:00","1958-11-21T06:05:14.811Z","N",,"N","N","N","0","N","N","0","CF","N","N","9","3223095155",,"N","S","0","N","0","S","N",,"N","1950-04-27T08:29:37.700Z","0","NNNNNNNNNN","N","N","0"